<?xml version="1.0"?>
<metadata xml:lang="en"><Esri><CreaDate>20230328</CreaDate><CreaTime>09401200</CreaTime><ArcGISFormat>1.0</ArcGISFormat><SyncOnce>TRUE</SyncOnce><ModDate>20230331</ModDate><ModTime>10273200</ModTime><scaleRange><minScale>150000000</minScale><maxScale>5000</maxScale></scaleRange><ArcGISProfile>ItemDescription</ArcGISProfile></Esri><toolbox name="predict_image" alias="datoolbox"><arcToolboxHelpPath>c:\program files\arcgis\pro\Resources\Help\gp</arcToolboxHelpPath></toolbox><dataIdInfo><idCitation><resTitle>DA Predict</resTitle></idCitation><idPurp>Summary</idPurp><searchKeys><keyword>predict</keyword></searchKeys></dataIdInfo><distInfo><distributor><distorFormat><formatName>ArcToolbox Toolbox</formatName></distorFormat></distributor></distInfo><mdHrLv><ScopeCd value="005"/></mdHrLv><mdDateSt Sync="TRUE">20230331</mdDateSt></metadata>
