<?xml version="1.0"?>
<metadata xml:lang="en"><Esri><CreaDate>20230328</CreaDate><CreaTime>09401200</CreaTime><ArcGISFormat>1.0</ArcGISFormat><SyncOnce>TRUE</SyncOnce><ModDate>20230403</ModDate><ModTime>214254</ModTime><scaleRange><minScale>150000000</minScale><maxScale>5000</maxScale></scaleRange><ArcGISProfile>ItemDescription</ArcGISProfile></Esri><toolbox name="DA Tools" alias="anhbn995@gmail.com"><arcToolboxHelpPath>c:\program files\arcgis\pro\Resources\Help\gp</arcToolboxHelpPath><toolsets/></toolbox><dataIdInfo><idCitation><resTitle>DA Tools</resTitle></idCitation><idPurp>Summary</idPurp><searchKeys><keyword>predict</keyword></searchKeys></dataIdInfo><distInfo><distributor><distorFormat><formatName>ArcToolbox Toolbox</formatName></distorFormat></distributor></distInfo><mdHrLv><ScopeCd value="005"/></mdHrLv><mdDateSt Sync="TRUE">20230331</mdDateSt></metadata>
